{"Nombre":{"a":"Juan","b":"Charlie","c":"Pedro","d":"Dahiana","e":"Maria"},"Peso":{"a":80,"b":95,"c":90,"d":65,"e":69},"Altura":{"a":1.65,"b":1.9,"c":1.8,"d":1.6,"e":1.65},"IMC":{"a":29.3847566575,"b":26.3157894737,"c":27.7777777778,"d":25.390625,"e":25.3443526171}}